AbsRel,AbsRel_L,AbsRel_R,LPIPS,PSNR,batch,config,run,s_per_gen,sharp,task,view
0.06829556077718735,0.06829556077718735,,0.12427914142608643,19.79554557800293,0,T25,precise_6a_6d_s1600,24.87483489102331,0.012070391327142715,apple,left
0.09365631639957428,,0.09365631639957428,0.14327925443649292,17.60972785949707,0,T25,precise_6a_6d_s1600,24.87483489102331,0.018229050561785698,apple,right
0.13254167139530182,0.13254167139530182,,0.16669109463691711,18.670154571533203,1,T25,precise_6a_6d_s1600,24.87483489102331,0.011677535250782967,apple,left
0.035332728177309036,,0.035332728177309036,0.1280522495508194,20.568553924560547,1,T25,precise_6a_6d_s1600,24.87483489102331,0.00908167939633131,apple,right
0.17294447124004364,0.17294447124004364,,0.17097380757331848,18.267578125,2,T25,precise_6a_6d_s1600,24.87483489102331,0.011256358586251736,apple,left
0.06661871820688248,,0.06661871820688248,0.12465019524097443,19.603469848632812,2,T25,precise_6a_6d_s1600,24.87483489102331,0.015149086713790894,apple,right
0.04891962930560112,0.04891962930560112,,0.13181322813034058,18.896129608154297,3,T25,precise_6a_6d_s1600,24.87483489102331,0.014327803626656532,apple,left
0.07890679687261581,,0.07890679687261581,0.1372329294681549,21.311756134033203,3,T25,precise_6a_6d_s1600,24.87483489102331,0.008685787208378315,apple,right
0.0635330006480217,0.0635330006480217,,0.11302127689123154,19.43311882019043,4,T25,precise_6a_6d_s1600,24.87483489102331,0.015113688074052334,apple,left
0.07568608969449997,,0.07568608969449997,0.13068066537380219,20.80959701538086,4,T25,precise_6a_6d_s1600,24.87483489102331,0.011614738963544369,apple,right
0.04920467361807823,0.04920467361807823,,0.1066967248916626,22.64112091064453,5,T25,precise_6a_6d_s1600,24.87483489102331,0.009773737750947475,apple,left
0.07312428206205368,,0.07312428206205368,0.08474333584308624,22.84206199645996,5,T25,precise_6a_6d_s1600,24.87483489102331,0.011908221058547497,apple,right
0.10148517042398453,0.10148517042398453,,0.13399305939674377,19.86165428161621,6,T25,precise_6a_6d_s1600,24.87483489102331,0.008186266757547855,apple,left
0.05456388369202614,,0.05456388369202614,0.1077185794711113,19.69851303100586,6,T25,precise_6a_6d_s1600,24.87483489102331,0.015060468576848507,apple,right
0.0495433434844017,0.0495433434844017,,0.12299080193042755,20.12120246887207,7,T25,precise_6a_6d_s1600,24.87483489102331,0.009064883925020695,apple,left
0.0655728206038475,,0.0655728206038475,0.1164330393075943,20.689922332763672,7,T25,precise_6a_6d_s1600,24.87483489102331,0.016577808186411858,apple,right
0.06959819793701172,0.06959819793701172,,0.13148002326488495,20.430152893066406,8,T25,precise_6a_6d_s1600,24.87483489102331,0.008835561573505402,apple,left
0.047319911420345306,,0.047319911420345306,0.09495493024587631,20.47117042541504,8,T25,precise_6a_6d_s1600,24.87483489102331,0.011756009422242641,apple,right
0.04730585590004921,0.04730585590004921,,0.13058972358703613,18.795408248901367,9,T25,precise_6a_6d_s1600,24.87483489102331,0.015862559899687767,apple,left
0.053459685295820236,,0.053459685295820236,0.10749232769012451,21.359460830688477,9,T25,precise_6a_6d_s1600,24.87483489102331,0.00978891085833311,apple,right
0.04630456119775772,0.04630456119775772,,0.08569760620594025,22.21885871887207,10,T25,precise_6a_6d_s1600,24.87483489102331,0.014885753393173218,apple,left
0.03849312290549278,,0.03849312290549278,0.08197887986898422,22.403581619262695,10,T25,precise_6a_6d_s1600,24.87483489102331,0.018417729064822197,apple,right
0.0914301946759224,0.0914301946759224,,0.15906716883182526,20.414867401123047,11,T25,precise_6a_6d_s1600,24.87483489102331,0.008662177249789238,apple,left
0.09976039081811905,,0.09976039081811905,0.20287127792835236,17.471946716308594,11,T25,precise_6a_6d_s1600,24.87483489102331,0.011028498411178589,apple,right
0.036961693316698074,0.036961693316698074,,0.07881230115890503,22.92047691345215,12,T25,precise_6a_6d_s1600,24.87483489102331,0.018848789855837822,apple,left
0.0707547515630722,,0.0707547515630722,0.10355112701654434,21.777259826660156,12,T25,precise_6a_6d_s1600,24.87483489102331,0.009322131983935833,apple,right
0.03857817500829697,0.03857817500829697,,0.08401355892419815,22.24596405029297,13,T25,precise_6a_6d_s1600,24.87483489102331,0.018834637477993965,apple,left
0.04687141254544258,,0.04687141254544258,0.08182211220264435,22.99635124206543,13,T25,precise_6a_6d_s1600,24.87483489102331,0.01487684901803732,apple,right
0.067071832716465,0.067071832716465,,0.12212562561035156,20.66644859313965,14,T25,precise_6a_6d_s1600,24.87483489102331,0.008502930402755737,apple,left
0.08647220581769943,,0.08647220581769943,0.08197887986898422,22.403581619262695,14,T25,precise_6a_6d_s1600,24.87483489102331,0.018417729064822197,apple,right
0.044446852058172226,0.044446852058172226,,0.09213866293430328,21.549348831176758,15,T25,precise_6a_6d_s1600,24.87483489102331,0.018849043175578117,apple,left
0.07925233244895935,,0.07925233244895935,0.12445362657308578,19.9779109954834,15,T25,precise_6a_6d_s1600,24.87483489102331,0.009323212318122387,apple,right
0.04613662511110306,0.04613662511110306,,0.08816774934530258,21.54470443725586,16,T25,precise_6a_6d_s1600,24.87483489102331,0.019124260172247887,apple,left
0.07168499380350113,,0.07168499380350113,0.15300743281841278,19.152450561523438,16,T25,precise_6a_6d_s1600,24.87483489102331,0.011742637492716312,apple,right
0.04623189941048622,0.04623189941048622,,0.08796373754739761,21.478662490844727,17,T25,precise_6a_6d_s1600,24.87483489102331,0.018912341445684433,apple,left
0.07217039912939072,,0.07217039912939072,0.16958776116371155,18.524578094482422,17,T25,precise_6a_6d_s1600,24.87483489102331,0.011760084889829159,apple,right
0.060302734375,0.060302734375,,0.08791527897119522,21.79433822631836,18,T25,precise_6a_6d_s1600,24.87483489102331,0.015174034051597118,apple,left
0.03218640387058258,,0.03218640387058258,0.07800187170505524,22.50615882873535,18,T25,precise_6a_6d_s1600,24.87483489102331,0.018633892759680748,apple,right
0.06554318964481354,0.06554318964481354,,0.08872425556182861,21.52886962890625,19,T25,precise_6a_6d_s1600,24.87483489102331,0.015080769546329975,apple,left
0.06828636676073074,,0.06828636676073074,0.15807531774044037,19.237451553344727,19,T25,precise_6a_6d_s1600,24.87483489102331,0.011538169346749783,apple,right
0.10736242681741714,0.10736242681741714,,0.1707606017589569,19.64985466003418,0,S3,precise_6a_6d_s1600,4.381497473552309,0.008371938951313496,apple,left
0.1991657316684723,,0.1991657316684723,0.1663617640733719,18.55069351196289,0,S3,precise_6a_6d_s1600,4.381497473552309,0.014602337963879108,apple,right
0.1432204395532608,0.1432204395532608,,0.21641600131988525,18.76176643371582,1,S3,precise_6a_6d_s1600,4.381497473552309,0.007266702596098185,apple,left
0.1355275958776474,,0.1355275958776474,0.15440037846565247,21.252344131469727,1,S3,precise_6a_6d_s1600,4.381497473552309,0.00569511204957962,apple,right
0.18268074095249176,0.18268074095249176,,0.22655025124549866,18.47674560546875,2,S3,precise_6a_6d_s1600,4.381497473552309,0.007097777910530567,apple,left
0.16519124805927277,,0.16519124805927277,0.16690535843372345,18.690927505493164,2,S3,precise_6a_6d_s1600,4.381497473552309,0.0092884236946702,apple,right
0.11787515133619308,0.11787515133619308,,0.18681783974170685,19.142974853515625,3,S3,precise_6a_6d_s1600,4.381497473552309,0.008438167162239552,apple,left
0.19852417707443237,,0.19852417707443237,0.1956126093864441,21.349258422851562,3,S3,precise_6a_6d_s1600,4.381497473552309,0.006363996770232916,apple,right
0.10375174880027771,0.10375174880027771,,0.1533413976430893,19.155540466308594,4,S3,precise_6a_6d_s1600,4.381497473552309,0.010963128879666328,apple,left
0.09851854294538498,,0.09851854294538498,0.1648574024438858,20.43248748779297,4,S3,precise_6a_6d_s1600,4.381497473552309,0.008702265098690987,apple,right
0.06983660161495209,0.06983660161495209,,0.17744259536266327,20.70703125,5,S3,precise_6a_6d_s1600,4.381497473552309,0.0064646038226783276,apple,left
0.07033338397741318,,0.07033338397741318,0.14132355153560638,21.807193756103516,5,S3,precise_6a_6d_s1600,4.381497473552309,0.00823358166962862,apple,right
0.1542767584323883,0.1542767584323883,,0.19450834393501282,19.54454231262207,6,S3,precise_6a_6d_s1600,4.381497473552309,0.004524517338722944,apple,left
0.25644350051879883,,0.25644350051879883,0.13940243422985077,19.34004020690918,6,S3,precise_6a_6d_s1600,4.381497473552309,0.01157347857952118,apple,right
0.08015886694192886,0.08015886694192886,,0.14607976377010345,20.288578033447266,7,S3,precise_6a_6d_s1600,4.381497473552309,0.005686398129910231,apple,left
0.08823636174201965,,0.08823636174201965,0.15466909110546112,20.474822998046875,7,S3,precise_6a_6d_s1600,4.381497473552309,0.01406271941959858,apple,right
0.08208540081977844,0.08208540081977844,,0.1994509994983673,19.97930335998535,8,S3,precise_6a_6d_s1600,4.381497473552309,0.005552609916776419,apple,left
0.13884656131267548,,0.13884656131267548,0.1667831391096115,19.353153228759766,8,S3,precise_6a_6d_s1600,4.381497473552309,0.006811026483774185,apple,right
0.08374252170324326,0.08374252170324326,,0.18074427545070648,18.900354385375977,9,S3,precise_6a_6d_s1600,4.381497473552309,0.011653219349682331,apple,left
0.1085183247923851,,0.1085183247923851,0.13884258270263672,21.4394588470459,9,S3,precise_6a_6d_s1600,4.381497473552309,0.006567701697349548,apple,right
0.09462380409240723,0.09462380409240723,,0.12850259244441986,20.959518432617188,10,S3,precise_6a_6d_s1600,4.381497473552309,0.01180893462151289,apple,left
0.16493509709835052,,0.16493509709835052,0.11833413690328598,21.33684539794922,10,S3,precise_6a_6d_s1600,4.381497473552309,0.015533859841525555,apple,right
0.10557369142770767,0.10557369142770767,,0.192418172955513,20.633869171142578,11,S3,precise_6a_6d_s1600,4.381497473552309,0.006036815699189901,apple,left
0.12106291204690933,,0.12106291204690933,0.25680553913116455,18.38411521911621,11,S3,precise_6a_6d_s1600,4.381497473552309,0.0068825543858110905,apple,right
0.05913448706269264,0.05913448706269264,,0.12923793494701385,20.95400047302246,12,S3,precise_6a_6d_s1600,4.381497473552309,0.0141020892187953,apple,left
0.0767708420753479,,0.0767708420753479,0.14042802155017853,21.986412048339844,12,S3,precise_6a_6d_s1600,4.381497473552309,0.005497840233147144,apple,right
0.060948800295591354,0.060948800295591354,,0.1258498877286911,21.25348663330078,13,S3,precise_6a_6d_s1600,4.381497473552309,0.014446270652115345,apple,left
0.07033292949199677,,0.07033292949199677,0.11547642201185226,21.906641006469727,13,S3,precise_6a_6d_s1600,4.381497473552309,0.011599152348935604,apple,right
0.13314463198184967,0.13314463198184967,,0.16495361924171448,20.289724349975586,14,S3,precise_6a_6d_s1600,4.381497473552309,0.0053923726081848145,apple,left
0.3680807948112488,,0.3680807948112488,0.11833413690328598,21.33684539794922,14,S3,precise_6a_6d_s1600,4.381497473552309,0.015533859841525555,apple,right
0.06689935177564621,0.06689935177564621,,0.12819944322109222,21.114227294921875,15,S3,precise_6a_6d_s1600,4.381497473552309,0.01408021803945303,apple,left
0.08280294388532639,,0.08280294388532639,0.15263862907886505,20.772764205932617,15,S3,precise_6a_6d_s1600,4.381497473552309,0.005490442272275686,apple,right
0.06579311937093735,0.06579311937093735,,0.13156433403491974,21.131563186645508,16,S3,precise_6a_6d_s1600,4.381497473552309,0.014177468605339527,apple,left
0.0698905810713768,,0.0698905810713768,0.19776159524917603,19.530458450317383,16,S3,precise_6a_6d_s1600,4.381497473552309,0.007733492646366358,apple,right
0.07385534793138504,0.07385534793138504,,0.1328275352716446,20.85097312927246,17,S3,precise_6a_6d_s1600,4.381497473552309,0.01366459485143423,apple,left
0.06992696225643158,,0.06992696225643158,0.21539869904518127,19.134674072265625,17,S3,precise_6a_6d_s1600,4.381497473552309,0.0073929475620388985,apple,right
0.09936641156673431,0.09936641156673431,,0.13438574969768524,20.809741973876953,18,S3,precise_6a_6d_s1600,4.381497473552309,0.011659479700028896,apple,left
0.15680401027202606,,0.15680401027202606,0.12078560888767242,21.044994354248047,18,S3,precise_6a_6d_s1600,4.381497473552309,0.014909041114151478,apple,right
0.10409384965896606,0.10409384965896606,,0.13741269707679749,20.356426239013672,19,S3,precise_6a_6d_s1600,4.381497473552309,0.011589421890676022,apple,left
0.07513569295406342,,0.07513569295406342,0.21022753417491913,19.087051391601562,19,S3,precise_6a_6d_s1600,4.381497473552309,0.008592515252530575,apple,right
0.09426820278167725,0.09426820278167725,,0.1707606017589569,19.64985466003418,0,S3b,precise_6a_6d_s1600,4.384922940155556,0.008371938951313496,apple,left
0.17777946591377258,,0.17777946591377258,0.1663617640733719,18.55069351196289,0,S3b,precise_6a_6d_s1600,4.384922940155556,0.014602337963879108,apple,right
0.13445806503295898,0.13445806503295898,,0.21641600131988525,18.76176643371582,1,S3b,precise_6a_6d_s1600,4.384922940155556,0.007266702596098185,apple,left
0.0837727040052414,,0.0837727040052414,0.15440037846565247,21.252344131469727,1,S3b,precise_6a_6d_s1600,4.384922940155556,0.00569511204957962,apple,right
0.15689633786678314,0.15689633786678314,,0.22655025124549866,18.47674560546875,2,S3b,precise_6a_6d_s1600,4.384922940155556,0.007097777910530567,apple,left
0.06678330153226852,,0.06678330153226852,0.16690535843372345,18.690927505493164,2,S3b,precise_6a_6d_s1600,4.384922940155556,0.0092884236946702,apple,right
0.09658018499612808,0.09658018499612808,,0.18681783974170685,19.142974853515625,3,S3b,precise_6a_6d_s1600,4.384922940155556,0.008438167162239552,apple,left
0.14813128113746643,,0.14813128113746643,0.1956126093864441,21.349258422851562,3,S3b,precise_6a_6d_s1600,4.384922940155556,0.006363996770232916,apple,right
0.0947500690817833,0.0947500690817833,,0.1533413976430893,19.155540466308594,4,S3b,precise_6a_6d_s1600,4.384922940155556,0.010963128879666328,apple,left
0.09386011958122253,,0.09386011958122253,0.1648574024438858,20.43248748779297,4,S3b,precise_6a_6d_s1600,4.384922940155556,0.008702265098690987,apple,right
0.06813918799161911,0.06813918799161911,,0.17744259536266327,20.70703125,5,S3b,precise_6a_6d_s1600,4.384922940155556,0.0064646038226783276,apple,left
0.0642632246017456,,0.0642632246017456,0.14132355153560638,21.807193756103516,5,S3b,precise_6a_6d_s1600,4.384922940155556,0.00823358166962862,apple,right
0.11080579459667206,0.11080579459667206,,0.19450834393501282,19.54454231262207,6,S3b,precise_6a_6d_s1600,4.384922940155556,0.004524517338722944,apple,left
0.11794264614582062,,0.11794264614582062,0.13940243422985077,19.34004020690918,6,S3b,precise_6a_6d_s1600,4.384922940155556,0.01157347857952118,apple,right
0.08281680941581726,0.08281680941581726,,0.14607976377010345,20.288578033447266,7,S3b,precise_6a_6d_s1600,4.384922940155556,0.005686398129910231,apple,left
0.06318740546703339,,0.06318740546703339,0.15466909110546112,20.474822998046875,7,S3b,precise_6a_6d_s1600,4.384922940155556,0.01406271941959858,apple,right
0.0778081864118576,0.0778081864118576,,0.1994509994983673,19.97930335998535,8,S3b,precise_6a_6d_s1600,4.384922940155556,0.005552609916776419,apple,left
0.07904256880283356,,0.07904256880283356,0.1667831391096115,19.353153228759766,8,S3b,precise_6a_6d_s1600,4.384922940155556,0.006811026483774185,apple,right
0.07633529603481293,0.07633529603481293,,0.18074427545070648,18.900354385375977,9,S3b,precise_6a_6d_s1600,4.384922940155556,0.011653219349682331,apple,left
0.09153103083372116,,0.09153103083372116,0.13884258270263672,21.4394588470459,9,S3b,precise_6a_6d_s1600,4.384922940155556,0.006567701697349548,apple,right
0.05754663795232773,0.05754663795232773,,0.12850259244441986,20.959518432617188,10,S3b,precise_6a_6d_s1600,4.384922940155556,0.01180893462151289,apple,left
0.11421096324920654,,0.11421096324920654,0.11833413690328598,21.33684539794922,10,S3b,precise_6a_6d_s1600,4.384922940155556,0.015533859841525555,apple,right
0.10968829691410065,0.10968829691410065,,0.192418172955513,20.633869171142578,11,S3b,precise_6a_6d_s1600,4.384922940155556,0.006036815699189901,apple,left
0.1269848793745041,,0.1269848793745041,0.25680553913116455,18.38411521911621,11,S3b,precise_6a_6d_s1600,4.384922940155556,0.0068825543858110905,apple,right
0.058053046464920044,0.058053046464920044,,0.12923793494701385,20.95400047302246,12,S3b,precise_6a_6d_s1600,4.384922940155556,0.0141020892187953,apple,left
0.05304725095629692,,0.05304725095629692,0.14042802155017853,21.986412048339844,12,S3b,precise_6a_6d_s1600,4.384922940155556,0.005497840233147144,apple,right
0.059854425489902496,0.059854425489902496,,0.1258498877286911,21.25348663330078,13,S3b,precise_6a_6d_s1600,4.384922940155556,0.014446270652115345,apple,left
0.061825770884752274,,0.061825770884752274,0.11547642201185226,21.906641006469727,13,S3b,precise_6a_6d_s1600,4.384922940155556,0.011599152348935604,apple,right
0.0975237488746643,0.0975237488746643,,0.16495361924171448,20.289724349975586,14,S3b,precise_6a_6d_s1600,4.384922940155556,0.0053923726081848145,apple,left
0.14047874510288239,,0.14047874510288239,0.11833413690328598,21.33684539794922,14,S3b,precise_6a_6d_s1600,4.384922940155556,0.015533859841525555,apple,right
0.06547372788190842,0.06547372788190842,,0.12819944322109222,21.114227294921875,15,S3b,precise_6a_6d_s1600,4.384922940155556,0.01408021803945303,apple,left
0.05867348983883858,,0.05867348983883858,0.15263862907886505,20.772764205932617,15,S3b,precise_6a_6d_s1600,4.384922940155556,0.005490442272275686,apple,right
0.06445427983999252,0.06445427983999252,,0.13156433403491974,21.131563186645508,16,S3b,precise_6a_6d_s1600,4.384922940155556,0.014177468605339527,apple,left
0.06388071179389954,,0.06388071179389954,0.19776159524917603,19.530458450317383,16,S3b,precise_6a_6d_s1600,4.384922940155556,0.007733492646366358,apple,right
0.07281453907489777,0.07281453907489777,,0.1328275352716446,20.85097312927246,17,S3b,precise_6a_6d_s1600,4.384922940155556,0.01366459485143423,apple,left
0.07056716829538345,,0.07056716829538345,0.21539869904518127,19.134674072265625,17,S3b,precise_6a_6d_s1600,4.384922940155556,0.0073929475620388985,apple,right
0.06455422937870026,0.06455422937870026,,0.13438574969768524,20.809741973876953,18,S3b,precise_6a_6d_s1600,4.384922940155556,0.011659479700028896,apple,left
0.11114593595266342,,0.11114593595266342,0.12078560888767242,21.044994354248047,18,S3b,precise_6a_6d_s1600,4.384922940155556,0.014909041114151478,apple,right
0.0692342221736908,0.0692342221736908,,0.13741269707679749,20.356426239013672,19,S3b,precise_6a_6d_s1600,4.384922940155556,0.011589421890676022,apple,left
0.08017240464687347,,0.08017240464687347,0.21022753417491913,19.087051391601562,19,S3b,precise_6a_6d_s1600,4.384922940155556,0.008592515252530575,apple,right
